"nome","tipo","blocos"
"Matéria-prima Metálica","produto","2"
"Tratamento Térmico","produto","3"
"Ferramentas de Corte (pastilhas, brocas, machos, bedames, fresas etc.)","produto","4"
"Tintas, Revestimentos, Graxas e Solventes","produto","5"
"Produtos Químicos","produto","6"
"Elastômeros, Componentes Poliméricos, Vedações e Vulcanização","produto","7"
"Metálico elásticos (molas, pinos elásticos, anéis elásticos etc.)","produto","8"
"Ensaios Não Destrutivos","servico","9"
"Instrumentos de Medição","produto","10"
"Logística","servico","11"
"Ensaios Destrutivos","servico","12"
"Revestimento de Cromo","servico","13"