"bloco_id","categoria","grupo","bloco_nota","escopo","codigo","texto","categoria_en","texto_en","categoria_es","texto_es","categoria_zh","texto_zh","categoria_fr","texto_fr","categoria_it","texto_it","categoria_de","texto_de","","","","","","",""
"1","Gestão da Qualidade - Organização do Fornecedor","SGQ","SGQ","GERAL","1.1","Possui sistemática de tratamento de não conformidades, incluindo análise de causa raiz e ação corretiva?","Quality Management - Supplier Organization","Does it have a systematic approach for handling nonconformities, including root cause analysis and corrective action?","Gestión de la Calidad - Organización del Proveedor","¿Cuenta con una sistemática de tratamiento de no conformidades, incluyendo análisis de causa raíz y acción correctiva?","质量管理 - 供应商组织","是否具备处理不合格项的系统方法，包括根因分析和纠正措施？","Gestion de la Qualité - Organisation du Fournisseur","Dispose-t-il d'une approche systématique de traitement des non-conformités, incluant l'analyse des causes racines et l'action corrective ?","Gestione della Qualità - Organizzazione del Fornitore","Dispone di un approccio sistematico per il trattamento delle non conformità, inclusa l'analisi della causa radice e l'azione correttiva?","Qualitätsmanagement - Lieferantenorganisation","Verfügt es über ein systematisches Vorgehen zur Behandlung von Nichtkonformitäten, einschließlich Ursachenanalyse und Korrekturmaßnahmen?","","","","","","",""
"1","Gestão da Qualidade - Organização do Fornecedor","SGQ","SGQ","GERAL","1.2","Possui sistemática de tratamento de material não conforme no recebimento e na produção (segregação/contenção)?","Quality Management - Supplier Organization","Does it have a systematic approach for handling nonconforming material at receiving and in production (segregation/containment)?","Gestión de la Calidad - Organización del Proveedor","¿Cuenta con una sistemática de tratamiento de material no conforme en la recepción y en la producción (segregación/contención)?","质量管理 - 供应商组织","是否具备在收货和生产环节处理不合格材料的系统方法（隔离/围堵）？","Gestion de la Qualité - Organisation du Fournisseur","Dispose-t-il d'une approche systématique de traitement du matériel non conforme à la réception et en production (ségrégation/confinement) ?","Gestione della Qualità - Organizzazione del Fornitore","Dispone di un approccio sistematico per il trattamento del materiale non conforme in accettazione e in produzione (segregazione/contenimento)?","Qualitätsmanagement - Lieferantenorganisation","Verfügt es über ein systematisches Vorgehen zur Behandlung nicht konformen Materials bei Wareneingang und in der Produktion (Aussonderung/Eindämmung)?","","","","","","",""
"1","Gestão da Qualidade - Organização do Fornecedor","SGQ","SGQ","GERAL","1.3","Possui sistemática de seleção/qualificação dos seus próprios fornecedores e matéria-prima?","Quality Management - Supplier Organization","Does it have a systematic approach for selecting/qualifying its own suppliers and raw material?","Gestión de la Calidad - Organización del Proveedor","¿Cuenta con una sistemática de selección/calificación de sus propios proveedores y materia prima?","质量管理 - 供应商组织","是否具备对其自身供应商和原材料进行选择/资格认定的系统方法？","Gestion de la Qualité - Organisation du Fournisseur","Dispose-t-il d'une approche systématique de sélection/qualification de ses propres fournisseurs et de la matière première ?","Gestione della Qualità - Organizzazione del Fornitore","Dispone di un approccio sistematico per la selezione/qualifica dei propri fornitori e della materia prima?","Qualitätsmanagement - Lieferantenorganisation","Verfügt es über ein systematisches Vorgehen zur Auswahl/Qualifizierung eigener Lieferanten und Rohstoffe?","","","","","","",""
"1","Gestão da Qualidade - Organização do Fornecedor","SGQ","SGQ","GERAL","1.4","Possui controle de informação documentada que sustente rastreabilidade (certificados, registros, lote)?","Quality Management - Supplier Organization","Does it maintain documented information control that supports traceability (certificates, records, batch)?","Gestión de la Calidad - Organización del Proveedor","¿Cuenta con control de información documentada que sustente la trazabilidad (certificados, registros, lote)?","质量管理 - 供应商组织","是否具备支撑可追溯性的成文信息控制（证书、记录、批次）？","Gestion de la Qualité - Organisation du Fournisseur","Dispose-t-il d'un contrôle des informations documentées soutenant la traçabilité (certificats, enregistrements, lot) ?","Gestione della Qualità - Organizzazione del Fornitore","Dispone di un controllo delle informazioni documentate che supporti la tracciabilità (certificati, registrazioni, lotto)?","Qualitätsmanagement - Lieferantenorganisation","Verfügt es über eine Lenkung dokumentierter Informationen, die die Rückverfolgbarkeit unterstützt (Zertifikate, Aufzeichnungen, Charge)?","","","","","","",""
"1","Gestão da Qualidade - Organização do Fornecedor","SGQ","SGQ","GERAL","1.5","Possui processo de análise crítica de pedido (confirma entendimento de especificação/norma antes de aceitar)?","Quality Management - Supplier Organization","Does it have an order review process (confirms understanding of specification/standard before accepting)?","Gestión de la Calidad - Organización del Proveedor","¿Cuenta con un proceso de revisión del pedido (confirma el entendimiento de la especificación/norma antes de aceptar)?","质量管理 - 供应商组织","是否具备订单评审流程（在接受前确认对规范/标准的理解）？","Gestion de la Qualité - Organisation du Fournisseur","Dispose-t-il d'un processus de revue de commande (confirme la compréhension de la spécification/norme avant acceptation) ?","Gestione della Qualità - Organizzazione del Fornitore","Dispone di un processo di riesame dell'ordine (conferma la comprensione della specifica/norma prima di accettare)?","Qualitätsmanagement - Lieferantenorganisation","Verfügt es über einen Prozess zur Auftragsprüfung (bestätigt das Verständnis der Spezifikation/Norm vor der Annahme)?","","","","","","",""
"2","Matéria-prima Metálica","ESCOPO","TECNICA","MP","2.1","Emite certificado de usina com análise química, ensaios mecânicos (limite de resistência ao escoamento, limite de resistência à tração, escoamento, dureza, alongamento, redução de área etc.)?","Metallic Raw Material","Does it issue a mill certificate with chemical analysis and mechanical tests (yield strength, tensile strength, yield point, hardness, elongation, area reduction, etc.)?","Materia Prima Metálica","¿Emite certificado de acería con análisis químico y ensayos mecánicos (límite de fluencia, resistencia a la tracción, fluencia, dureza, alargamiento, reducción de área, etc.)?","金属原材料","是否签发包含化学分析和力学试验（屈服强度、抗拉强度、屈服、硬度、延伸率、断面收缩率等）的钢厂质量证书？","Matière Première Métallique","Émet-il un certificat d'usine avec analyse chimique et essais mécaniques (limite d'élasticité, résistance à la traction, écoulement, dureté, allongement, réduction de section, etc.) ?","Materia Prima Metallica","Emette un certificato di acciaieria con analisi chimica e prove meccaniche (carico di snervamento, resistenza a trazione, snervamento, durezza, allungamento, riduzione di area, ecc.)?","Metallischer Rohstoff","Stellt es ein Werkszeugnis mit chemischer Analyse und mechanischen Prüfungen aus (Streckgrenze, Zugfestigkeit, Fließen, Härte, Dehnung, Brucheinschnürung usw.)?","","","","","","",""
"2","Matéria-Prima Metálica","ESCOPO","TECNICA","MP","2.2","Possui rastreabilidade e identificação do material por número de corrida/lote, inclusive em estoque por especificação?","Metallic Raw Material","Does it have traceability and identification of material by heat/batch number, including in stock by specification?","Materia Prima Metálica","¿Cuenta con trazabilidad e identificación del material por número de colada/lote, incluso en stock por especificación?","金属原材料","是否具备按炉号/批号对材料进行追溯和标识，包括按规范对库存进行标识？","Matière Première Métallique","Dispose-t-il de la traçabilité et de l'identification du matériau par numéro de coulée/lot, y compris en stock par spécification ?","Materia Prima Metallica","Dispone della tracciabilità e identificazione del materiale per numero di colata/lotto, anche a magazzino per specifica?","Metallischer Rohstoff","Verfügt es über Rückverfolgbarkeit und Kennzeichnung des Materials nach Schmelzen-/Chargennummer, auch im Lager nach Spezifikation?","","","","","","",""
"2","Matéria-Prima Metálica","ESCOPO","TECNICA","MP","2.3","Se forjaria/fundição, realiza ensaios não destrutivos superficiais e volumétricos antes da expedição?","Metallic Raw Material","If a forge/foundry, does it perform surface and volumetric non-destructive testing before shipment?","Materia Prima Metálica","Si es forja/fundición, ¿realiza ensayos no destructivos superficiales y volumétricos antes del despacho?","金属原材料","若为锻造/铸造厂，是否在发货前进行表面和体积无损检测？","Matière Première Métallique","S'il s'agit d'une forge/fonderie, effectue-t-il des essais non destructifs superficiels et volumétriques avant l'expédition ?","Materia Prima Metallica","Se forgia/fonderia, esegue prove non distruttive superficiali e volumetriche prima della spedizione?","Metallischer Rohstoff","Führt es bei Schmiede/Gießerei vor dem Versand oberflächliche und volumetrische zerstörungsfreie Prüfungen durch?","","","","","","",""
"2","Matéria-Prima Metálica","ESCOPO","TECNICA","MP","2.4","Apresenta comprovação de método de processamento do material (laminação quente/frio, trefilação quente/frio, extrusão etc.)?","Metallic Raw Material","Does it provide evidence of the material processing method (hot/cold rolling, hot/cold drawing, extrusion, etc.)?","Materia Prima Metálica","¿Presenta comprobación del método de procesamiento del material (laminación en caliente/frío, trefilado en caliente/frío, extrusión, etc.)?","金属原材料","是否提供材料加工方法的证明（热/冷轧、热/冷拉拔、挤压等）？","Matière Première Métallique","Fournit-il une preuve de la méthode de transformation du matériau (laminage à chaud/froid, tréfilage à chaud/froid, extrusion, etc.) ?","Materia Prima Metallica","Fornisce evidenza del metodo di lavorazione del materiale (laminazione a caldo/freddo, trafilatura a caldo/freddo, estrusione, ecc.)?","Metallischer Rohstoff","Legt es einen Nachweis der Verarbeitungsmethode des Materials vor (Warm-/Kaltwalzen, Warm-/Kaltziehen, Strangpressen usw.)?","","","","","","",""
"2","Matéria-Prima Metálica","ESCOPO","TECNICA","MP","2.5","Apresenta comprovação de método de fusão do material (forno aberto, conversor a oxigênio, cadinho, forno elétrico etc.)?","Metallic Raw Material","Does it provide evidence of the material melting method (open hearth furnace, oxygen converter, crucible, electric furnace, etc.)?","Materia Prima Metálica","¿Presenta comprobación del método de fusión del material (horno de solera abierta, convertidor al oxígeno, crisol, horno eléctrico, etc.)?","金属原材料","是否提供材料熔炼方法的证明（平炉、氧气转炉、坤埬、电炉等）？","Matière Première Métallique","Fournit-il une preuve de la méthode de fusion du matériau (four à sole ouverte, convertisseur à oxygène, creuset, four électrique, etc.) ?","Materia Prima Metallica","Fornisce evidenza del metodo di fusione del materiale (forno a suola aperta, convertitore a ossigeno, crogiolo, forno elettrico, ecc.)?","Metallischer Rohstoff","Legt es einen Nachweis der Schmelzmethode des Materials vor (Herdofen, Sauerstoffkonverter, Tiegel, Elektroofen usw.)?","","","","","","",""
"2","Matéria-Prima Metálica","ESCOPO","TECNICA","MP","2.6","Possui sistemática de preservação contra corrosão?","Metallic Raw Material","Does it have a systematic approach for corrosion protection?","Materia Prima Metálica","¿Cuenta con una sistemática de preservación contra la corrosión?","金属原材料","是否具备防腐保护的系统方法？","Matière Première Métallique","Dispose-t-il d'une approche systématique de préservation contre la corrosion ?","Materia Prima Metallica","Dispone di un approccio sistematico di preservazione contro la corrosione?","Metallischer Rohstoff","Verfügt es über ein systematisches Vorgehen zum Korrosionsschutz?","","","","","","",""
"3","Tratamento Térmico","ESCOPO","TECNICA","TT","3.1","Possui fornos com controlador de temperatura com registro contínuo?","Heat Treatment","Does it have furnaces with a temperature controller with continuous recording?","Tratamiento Térmico","¿Cuenta con hornos con controlador de temperatura con registro continuo?","热处理","是否具备带有连续记录的温度控制器的炉子？","Traitement Thermique","Dispose-t-il de fours avec régulateur de température à enregistrement continu ?","Trattamento Termico","Dispone di forni con regolatore di temperatura a registrazione continua?","Wärmebehandlung","Verfügt es über Öfen mit Temperaturregler mit kontinuierlicher Aufzeichnung?","","","","","","",""
"3","Tratamento Térmico","ESCOPO","TECNICA","TT","3.2","Os fornos possuem homologação válida?","Heat Treatment","Do the furnaces have valid qualification?","Tratamiento Térmico","¿Los hornos cuentan con homologación válida?","热处理","炉子是否具有有效的认可？","Traitement Thermique","Les fours disposent-ils d'une homologation valide ?","Trattamento Termico","I forni dispongono di un'omologazione valida?","Wärmebehandlung","Verfügen die Öfen über eine gültige Zulassung?","","","","","","",""
"3","Tratamento Térmico","ESCOPO","TECNICA","TT","3.3","Possui procedimentos documentados para cada tratamento térmico?","Heat Treatment","Does it have documented procedures for each heat treatment?","Tratamiento Térmico","¿Cuenta con procedimientos documentados para cada tratamiento térmico?","热处理","是否具备针对每种热处理的成文程序？","Traitement Thermique","Dispose-t-il de procédures documentées pour chaque traitement thermique ?","Trattamento Termico","Dispone di procedure documentate per ogni trattamento termico?","Wärmebehandlung","Verfügt es über dokumentierte Verfahren für jede Wärmebehandlung?","","","","","","",""
"3","Tratamento Térmico","ESCOPO","TECNICA","TT","3.4","Emite relatório rastreável do tratamento térmico?","Heat Treatment","Does it issue a traceable heat treatment report?","Tratamiento Térmico","¿Emite un informe trazable del tratamiento térmico?","热处理","是否签发可追溯的热处理报告？","Traitement Thermique","Émet-il un rapport traçable du traitement thermique ?","Trattamento Termico","Emette un rapporto tracciabile del trattamento termico?","Wärmebehandlung","Stellt es einen rückverfolgbaren Bericht der Wärmebehandlung aus?","","","","","","",""
"3","Tratamento Térmico","ESCOPO","TECNICA","TT","3.5","Realiza ensaios mecânicos pós-tratamento quando aplicável?","Heat Treatment","Does it perform post-treatment mechanical tests when applicable?","Tratamiento Térmico","¿Realiza ensayos mecánicos posteriores al tratamiento cuando corresponde?","热处理","在适用时是否进行处理后的力学试验？","Traitement Thermique","Effectue-t-il des essais mécaniques après traitement le cas échéant ?","Trattamento Termico","Esegue prove meccaniche post-trattamento quando applicabile?","Wärmebehandlung","Führt es gegebenenfalls mechanische Prüfungen nach der Behandlung durch?","","","","","","",""
"4","Ferramentas de Corte (pastilhas, brocas, machos, bedames, fresas etc.)","ESCOPO","TECNICA","FERR","4.1","Possui controle dimensional por lote?","Cutting Tools (inserts, drills, taps, parting tools, milling cutters, etc.)","Does it have dimensional control per batch?","Herramientas de Corte (insertos, brocas, machos, tronzadores, fresas, etc.)","¿Cuenta con control dimensional por lote?","切割工具（刀片、钻头、丝锥、切断刀、铣刀等）","是否具备按批次的尺寸控制？","Outils de Coupe (plaquettes, forets, tarauds, outils à tronçonner, fraises, etc.)","Dispose-t-il d'un contrôle dimensionnel par lot ?","Utensili da Taglio (inserti, punte, maschi, utensili per troncatura, frese, ecc.)","Dispone del controllo dimensionale per lotto?","Schneidwerkzeuge (Wendeschneidplatten, Bohrer, Gewindebohrer, Abstechwerkzeuge, Fräser usw.)","Verfügt es über eine Maßkontrolle pro Charge?","","","","","","",""
"4","Ferramentas de Corte (pastilhas, brocas, machos, bedames, fresas etc.)","ESCOPO","TECNICA","FERR","4.2","Possui rastreabilidade de lote?","Cutting Tools (inserts, drills, taps, parting tools, milling cutters, etc.)","Does it have batch traceability?","Herramientas de Corte (insertos, brocas, machos, tronzadores, fresas, etc.)","¿Cuenta con trazabilidad de lote?","切割工具（刀片、钻头、丝锥、切断刀、铣刀等）","是否具备批次追溯性？","Outils de Coupe (plaquettes, forets, tarauds, outils à tronçonner, fraises, etc.)","Dispose-t-il de la traçabilité par lot ?","Utensili da Taglio (inserti, punte, maschi, utensili per troncatura, frese, ecc.)","Dispone della tracciabilità di lotto?","Schneidwerkzeuge (Wendeschneidplatten, Bohrer, Gewindebohrer, Abstechwerkzeuge, Fräser usw.)","Verfügt es über Chargenrückverfolgbarkeit?","","","","","","",""
"4","Ferramentas de Corte (pastilhas, brocas, machos, bedames, fresas etc.)","ESCOPO","TECNICA","FERR","4.3","Disponibiliza certificados ou documentação técnica dos produtos fornecidos, quando aplicável (ex.: classe da pastilha, grau do metal duro, revestimento, liga, dureza, granulometria e especificações dos abrasivos)?","Cutting Tools (inserts, drills, taps, parting tools, milling cutters, etc.)","Does it provide certificates or technical documentation of the supplied products, when applicable (e.g., insert class, carbide grade, coating, alloy, hardness, grain size and abrasive specifications)?","Herramientas de Corte (insertos, brocas, machos, tronzadores, fresas, etc.)","¿Pone a disposición certificados o documentación técnica de los productos suministrados, cuando corresponde (ej.: clase del inserto, grado del metal duro, revestimiento, aleación, dureza, granulometría y especificaciones de los abrasivos)?","切割工具（刀片、钻头、丝锥、切断刀、铣刀等）","在适用时，是否提供所供产品的证书或技术文档（如：刀片等级、硬质合金牙号、涂层、合金、硬度、粒度以及砧料规范）？","Outils de Coupe (plaquettes, forets, tarauds, outils à tronçonner, fraises, etc.)","Met-il à disposition des certificats ou une documentation technique des produits fournis, le cas échéant (ex. : classe de la plaquette, nuance du carbure, revêtement, alliage, dureté, granulométrie et spécifications des abrasifs) ?","Utensili da Taglio (inserti, punte, maschi, utensili per troncatura, frese, ecc.)","Mette a disposizione certificati o documentazione tecnica dei prodotti forniti, quando applicabile (es.: classe dell'inserto, grado del metallo duro, rivestimento, lega, durezza, granulometria e specifiche degli abrasivi)?","Schneidwerkzeuge (Wendeschneidplatten, Bohrer, Gewindebohrer, Abstechwerkzeuge, Fräser usw.)","Stellt es gegebenenfalls Zertifikate oder technische Dokumentation der gelieferten Produkte zur Verfügung (z. B. Wendeschneidplattenklasse, Hartmetallsorte, Beschichtung, Legierung, Härte, Körnung und Spezifikationen der Schleifmittel)?","","","","","","",""
"5","Tintas, Revestimentos, Graxas e Solventes","ESCOPO","TECNICA","TINTA","5.1","Emite boletim técnico e FDS atualizados?","Paints, Coatings, Greases and Solvents","Does it issue updated technical bulletin and SDS?","Pinturas, Revestimientos, Grasas y Solventes","¿Emite boletín técnico y FDS actualizados?","涂料、涂层、油脂和溶剂","是否签发最新的技术公报和安全数据表（SDS）？","Peintures, Revêtements, Graisses et Solvants","Émet-il un bulletin technique et une FDS à jour ?","Vernici, Rivestimenti, Grassi e Solventi","Emette un bollettino tecnico e una SDS aggiornati?","Farben, Beschichtungen, Fette und Lösungsmittel","Stellt es ein aktuelles technisches Merkblatt und Sicherheitsdatenblatt (SDB) aus?","","","","","","",""
"5","Tintas, Revestimentos, Graxas e Solventes","ESCOPO","TECNICA","TINTA","5.2","Possui rastreabilidade de lote e validade?","Paints, Coatings, Greases and Solvents","Does it have batch traceability and shelf life?","Pinturas, Revestimientos, Grasas y Solventes","¿Cuenta con trazabilidad de lote y validez?","涂料、涂层、油脂和溶剂","是否具备批次追溯性和有效期？","Peintures, Revêtements, Graisses et Solvants","Dispose-t-il de la traçabilité par lot et de la date de péremption ?","Vernici, Rivestimenti, Grassi e Solventi","Dispone della tracciabilità di lotto e della validità?","Farben, Beschichtungen, Fette und Lösungsmittel","Verfügt es über Chargenrückverfolgbarkeit und Haltbarkeit?","","","","","","",""
"5","Tintas, Revestimentos, Graxas e Solventes","ESCOPO","TECNICA","TINTA","5.3","Emite certificado de qualidade por lote?","Paints, Coatings, Greases and Solvents","Does it issue a quality certificate per batch?","Pinturas, Revestimientos, Grasas y Solventes","¿Emite certificado de calidad por lote?","涂料、涂层、油脂和溶剂","是否按批次签发质量证书？","Peintures, Revêtements, Graisses et Solvants","Émet-il un certificat de qualité par lot ?","Vernici, Rivestimenti, Grassi e Solventi","Emette un certificato di qualità per lotto?","Farben, Beschichtungen, Fette und Lösungsmittel","Stellt es ein Qualitätszertifikat pro Charge aus?","","","","","","",""
"6","Produtos Químicos","ESCOPO","TECNICA","QUIM","6.1","Emite boletim técnico e FDS atualizado?","Chemical Products","Does it issue updated technical bulletin and SDS?","Productos Químicos","¿Emite boletín técnico y FDS actualizados?","化学产品","是否签发最新的技术公报和安全数据表（SDS）？","Produits Chimiques","Émet-il un bulletin technique et une FDS à jour ?","Prodotti Chimici","Emette un bollettino tecnico e una SDS aggiornati?","Chemische Produkte","Stellt es ein aktuelles technisches Merkblatt und Sicherheitsdatenblatt (SDB) aus?","","","","","","",""
"6","Produtos Químicos","ESCOPO","TECNICA","QUIM","6.2","Emite certificado de análise por lote?","Chemical Products","Does it issue a certificate of analysis per batch?","Productos Químicos","¿Emite certificado de análisis por lote?","化学产品","是否按批次签发分析证书？","Produits Chimiques","Émet-il un certificat d'analyse par lot ?","Prodotti Chimici","Emette un certificato di analisi per lotto?","Chemische Produkte","Stellt es ein Analysenzertifikat pro Charge aus?","","","","","","",""
"6","Produtos Químicos","ESCOPO","TECNICA","QUIM","6.3","Possui rastreabilidade dos lotes fornecidos?","Chemical Products","Does it have traceability of the supplied batches?","Productos Químicos","¿Cuenta con trazabilidad de los lotes suministrados?","化学产品","是否具备所供批次的追溯性？","Produits Chimiques","Dispose-t-il de la traçabilité des lots fournis ?","Prodotti Chimici","Dispone della tracciabilità dei lotti forniti?","Chemische Produkte","Verfügt es über die Rückverfolgbarkeit der gelieferten Chargen?","","","","","","",""
"6","Produtos Químicos","ESCOPO","TECNICA","QUIM","6.4","Possui controle de armazenamento e transporte?","Chemical Products","Does it have storage and transport control?","Productos Químicos","¿Cuenta con control de almacenamiento y transporte?","化学产品","是否具备储存和运输控制？","Produits Chimiques","Dispose-t-il d'un contrôle du stockage et du transport ?","Prodotti Chimici","Dispone del controllo di stoccaggio e trasporto?","Chemische Produkte","Verfügt es über eine Lager- und Transportkontrolle?","","","","","","",""
"7","Elastômeros, Componentes Poliméricos, Vedações e Vulcanização","ESCOPO","TECNICA","ELAST","7.1","Possui rastreabilidade da matéria-prima utilizada?","Elastomers, Polymer Components, Seals and Vulcanization","Does it have traceability of the raw material used?","Elastómeros, Componentes Poliméricos, Sellos y Vulcanización","¿Cuenta con trazabilidad de la materia prima utilizada?","弹性体、聚合物部件、密封件和硫化","是否具备所用原材料的追溯性？","Élastomères, Composants Polymères, Joints et Vulcanisation","Dispose-t-il de la traçabilité de la matière première utilisée ?","Elastomeri, Componenti Polimerici, Guarnizioni e Vulcanizzazione","Dispone della tracciabilità della materia prima utilizzata?","Elastomere, Polymerkomponenten, Dichtungen und Vulkanisation","Verfügt es über die Rückverfolgbarkeit des verwendeten Rohstoffs?","","","","","","",""
"7","Elastômeros, Componentes Poliméricos, Vedações e Vulcanização","ESCOPO","TECNICA","ELAST","7.2","Disponibiliza certificado de conformidade do composto?","Elastomers, Polymer Components, Seals and Vulcanization","Does it provide a certificate of conformity of the compound?","Elastómeros, Componentes Poliméricos, Sellos y Vulcanización","¿Pone a disposición el certificado de conformidad del compuesto?","弹性体、聚合物部件、密封件和硫化","是否提供胶料的符合性证书？","Élastomères, Composants Polymères, Joints et Vulcanisation","Met-il à disposition le certificat de conformité du composé ?","Elastomeri, Componenti Polimerici, Guarnizioni e Vulcanizzazione","Mette a disposizione il certificato di conformità della mescola?","Elastomere, Polymerkomponenten, Dichtungen und Vulkanisation","Stellt es das Konformitätszertifikat der Mischung zur Verfügung?","","","","","","",""
"7","Elastômeros, Componentes Poliméricos, Vedações e Vulcanização","ESCOPO","TECNICA","ELAST","7.3","Disponibiliza certificado de propriedades mecânicas (dureza, temperatura de serviço e limite de resistência à tração) e dimensionais por lote?","Elastomers, Polymer Components, Seals and Vulcanization","Does it provide a certificate of mechanical properties (hardness, service temperature and tensile strength) and dimensional properties per batch?","Elastómeros, Componentes Poliméricos, Sellos y Vulcanización","¿Pone a disposición el certificado de propiedades mecánicas (dureza, temperatura de servicio y resistencia a la tracción) y dimensionales por lote?","弹性体、聚合物部件、密封件和硫化","是否按批次提供力学性能（硬度、使用温度和抗拉强度）和尺寸证书？","Élastomères, Composants Polymères, Joints et Vulcanisation","Met-il à disposition le certificat des propriétés mécaniques (dureté, température de service et résistance à la traction) et dimensionnelles par lot ?","Elastomeri, Componenti Polimerici, Guarnizioni e Vulcanizzazione","Mette a disposizione il certificato delle proprietà meccaniche (durezza, temperatura di esercizio e resistenza a trazione) e dimensionali per lotto?","Elastomere, Polymerkomponenten, Dichtungen und Vulkanisation","Stellt es pro Charge das Zertifikat der mechanischen Eigenschaften (Härte, Betriebstemperatur und Zugfestigkeit) und der Maße zur Verfügung?","","","","","","",""
"7","Elastômeros, Componentes Poliméricos, Vedações e Vulcanização","ESCOPO","TECNICA","ELAST","7.4","Disponibiliza certificado de conformidade dimensional por lote?","Elastomers, Polymer Components, Seals and Vulcanization","Does it provide a certificate of dimensional conformity per batch?","Elastómeros, Componentes Poliméricos, Sellos y Vulcanización","¿Pone a disposición el certificado de conformidad dimensional por lote?","弹性体、聚合物部件、密封件和硫化","是否按批次提供尺寸符合性证书？","Élastomères, Composants Polymères, Joints et Vulcanisation","Met-il à disposition le certificat de conformité dimensionnelle par lot ?","Elastomeri, Componenti Polimerici, Guarnizioni e Vulcanizzazione","Mette a disposizione il certificato di conformità dimensionale per lotto?","Elastomere, Polymerkomponenten, Dichtungen und Vulkanisation","Stellt es pro Charge das Zertifikat der Maßkonformität zur Verfügung?","","","","","","",""
"8","Metálico elásticos (molas, pinos elásticos, anéis elásticos etc.)","ESCOPO","TECNICA","MOLA","8.1","Possui rastreabilidade da matéria-prima utilizada?","Elastic Metallic (springs, spring pins, retaining rings, etc.)","Does it have traceability of the raw material used?","Metálicos Elásticos (resortes, pasadores elásticos, anillos elásticos, etc.)","¿Cuenta con trazabilidad de la materia prima utilizada?","弹性金属件（弹簧、弹性销、弹性挡圈等）","是否具备所用原材料的追溯性？","Métalliques Élastiques (ressorts, goupilles élastiques, anneaux élastiques, etc.)","Dispose-t-il de la traçabilité de la matière première utilisée ?","Metallici Elastici (molle, spine elastiche, anelli elastici, ecc.)","Dispone della tracciabilità della materia prima utilizzata?","Elastische Metallteile (Federn, Spannstifte, Sicherungsringe usw.)","Verfügt es über die Rückverfolgbarkeit des verwendeten Rohstoffs?","","","","","","",""
"8","Metálico elásticos (molas, pinos elásticos, anéis elásticos etc.)","ESCOPO","TECNICA","MOLA","8.2","Realiza ensaios de carga e dimensional por lote?","Elastic Metallic (springs, spring pins, retaining rings, etc.)","Does it perform load and dimensional tests per batch?","Metálicos Elásticos (resortes, pasadores elásticos, anillos elásticos, etc.)","¿Realiza ensayos de carga y dimensionales por lote?","弹性金属件（弹簧、弹性销、弹性挡圈等）","是否按批次进行载荷和尺寸试验？","Métalliques Élastiques (ressorts, goupilles élastiques, anneaux élastiques, etc.)","Effectue-t-il des essais de charge et dimensionnels par lot ?","Metallici Elastici (molle, spine elastiche, anelli elastici, ecc.)","Esegue prove di carico e dimensionali per lotto?","Elastische Metallteile (Federn, Spannstifte, Sicherungsringe usw.)","Führt es Last- und Maßprüfungen pro Charge durch?","","","","","","",""
"8","Metálico elásticos (molas, pinos elásticos, anéis elásticos etc.)","ESCOPO","TECNICA","MOLA","8.3","Possui e disponibiliza certificado de qualidade da matéria-prima, incluindo composição química e propriedades mecânicas?","Elastic Metallic (springs, spring pins, retaining rings, etc.)","Does it have and provide a quality certificate of the raw material, including chemical composition and mechanical properties?","Metálicos Elásticos (resortes, pasadores elásticos, anillos elásticos, etc.)","¿Cuenta y pone a disposición el certificado de calidad de la materia prima, incluyendo composición química y propiedades mecánicas?","弹性金属件（弹簧、弹性销、弹性挡圈等）","是否拥有并提供原材料质量证书，包括化学成分和力学性能？","Métalliques Élastiques (ressorts, goupilles élastiques, anneaux élastiques, etc.)","Dispose-t-il et met-il à disposition le certificat de qualité de la matière première, incluant la composition chimique et les propriétés mécaniques ?","Metallici Elastici (molle, spine elastiche, anelli elastici, ecc.)","Dispone e mette a disposizione il certificato di qualità della materia prima, inclusi composizione chimica e proprietà meccaniche?","Elastische Metallteile (Federn, Spannstifte, Sicherungsringe usw.)","Verfügt es über ein Qualitätszertifikat des Rohstoffs und stellt es dieses zur Verfügung, einschließlich chemischer Zusammensetzung und mechanischer Eigenschaften?","","","","","","",""
"9","Ensaios Não Destrutivos","ESCOPO","TECNICA","END","9.1","Possui inspetores qualificados para os métodos executados?","Non-Destructive Testing","Does it have qualified inspectors for the methods performed?","Ensayos No Destructivos","¿Cuenta con inspectores calificados para los métodos ejecutados?","无损检测","是否拥有针对所执行方法的合格检员？","Essais Non Destructifs","Dispose-t-il d'inspecteurs qualifiés pour les méthodes exécutées ?","Prove Non Distruttive","Dispone di ispettori qualificati per i metodi eseguiti?","Zerstörungsfreie Prüfung","Verfügt es über qualifizierte Prüfer für die durchgeführten Verfahren?","","","","","","",""
"9","Ensaios Não Destrutivos","ESCOPO","TECNICA","END","9.2","Possui procedimentos escritos para cada método?","Non-Destructive Testing","Does it have written procedures for each method?","Ensayos No Destructivos","¿Cuenta con procedimientos escritos para cada método?","无损检测","是否具备针对每种方法的书面程序？","Essais Non Destructifs","Dispose-t-il de procédures écrites pour chaque méthode ?","Prove Non Distruttive","Dispone di procedure scritte per ogni metodo?","Zerstörungsfreie Prüfung","Verfügt es über schriftliche Verfahren für jede Methode?","","","","","","",""
"9","Ensaios Não Destrutivos","ESCOPO","TECNICA","END","9.3","Os equipamentos possuem calibração rastreável?","Non-Destructive Testing","Does the equipment have traceable calibration?","Ensayos No Destructivos","¿Los equipos cuentan con calibración trazable?","无损检测","设备是否具有可追溯的校准？","Essais Non Destructifs","Les équipements disposent-ils d'un étalonnage traçable ?","Prove Non Distruttive","Le apparecchiature dispongono di taratura tracciabile?","Zerstörungsfreie Prüfung","Verfügen die Geräte über eine rückverfolgbare Kalibrierung?","","","","","","",""
"9","Ensaios Não Destrutivos","ESCOPO","TECNICA","END","9.4","Emite relatórios rastreáveis ao item inspecionado?","Non-Destructive Testing","Does it issue reports traceable to the inspected item?","Ensayos No Destructivos","¿Emite informes trazables al ítem inspeccionado?","无损检测","是否签发可追溯至受检项的报告？","Essais Non Destructifs","Émet-il des rapports traçables à l'article inspecté ?","Prove Non Distruttive","Emette rapporti tracciabili all'articolo ispezionato?","Zerstörungsfreie Prüfung","Stellt es Berichte aus, die auf den geprüften Gegenstand rückverfolgbar sind?","","","","","","",""
"10","Instrumentos de Medição","ESCOPO","TECNICA","INST","10.1","Os instrumentos são fornecidos com certificado de calibração rastreável RBC?","Measuring Instruments","Are the instruments supplied with a calibration certificate traceable to a national accreditation/metrology body (e.g., NIST)?","Instrumentos de Medición","¿Los instrumentos se suministran con certificado de calibración trazable a un organismo nacional de acreditación/metrología (p. ej., ENAC)?","测量仪器","仪器是否附有可追溯至国家认可/计量机构（例如 CNAS）的校准证书？","Instruments de Mesure","Les instruments sont-ils fournis avec un certificat d'étalonnage traçable à un organisme national d'accréditation/métrologie (par ex. COFRAC) ?","Strumenti di Misura","Gli strumenti sono forniti con certificato di taratura tracciabile a un organismo nazionale di accreditamento/metrologia (ad es. ACCREDIA)?","Messinstrumente","Werden die Instrumente mit einem Kalibrierzertifikat geliefert, das auf eine nationale Akkreditierungs-/Metrologiestelle rückführbar ist (z. B. DAkkS)?","","","","","","",""
"10","Instrumentos de Medição","ESCOPO","TECNICA","INST","10.2","Fornece documentação técnica do instrumento (manual, faixa de medição, resolução, exatidão)?","Measuring Instruments","Does it provide technical documentation of the instrument (manual, measuring range, resolution, accuracy)?","Instrumentos de Medición","¿Suministra documentación técnica del instrumento (manual, rango de medición, resolución, exactitud)?","测量仪器","是否提供仪器的技术文档（手册、测量范围、分辨率、准确度）？","Instruments de Mesure","Fournit-il la documentation technique de l'instrument (manuel, plage de mesure, résolution, exactitude) ?","Strumenti di Misura","Fornisce la documentazione tecnica dello strumento (manuale, campo di misura, risoluzione, accuratezza)?","Messinstrumente","Stellt es die technische Dokumentation des Instruments zur Verfügung (Handbuch, Messbereich, Auflösung, Genauigkeit)?","","","","","","",""
"11","Logística","ESCOPO","TECNICA","LOG","11.1","Possui indicador de entrega no prazo?","Logistics","Does it have an on-time delivery indicator?","Logística","¿Cuenta con indicador de entrega en plazo?","物流","是否具备准时交付指标？","Logistique","Dispose-t-il d'un indicateur de livraison dans les délais ?","Logistica","Dispone di un indicatore di consegna puntuale?","Logistik","Verfügt es über einen Termintreue-Indikator?","","","","","","",""
"11","Logística","ESCOPO","TECNICA","LOG","11.2","Comunica desvios de prazo e plano de recuperação?","Logistics","Does it communicate schedule deviations and a recovery plan?","Logística","¿Comunica desviaciones de plazo y plan de recuperación?","物流","是否会告知交期偏差及恢复计划？","Logistique","Communique-t-il les écarts de délai et un plan de récupération ?","Logistica","Comunica gli scostamenti sui tempi e un piano di recupero?","Logistik","Kommuniziert es Terminabweichungen und einen Wiederherstellungsplan?","","","","","","",""
"11","Logística","ESCOPO","TECNICA","LOG","11.3","Possui atendimento emergencial?","Logistics","Does it have emergency service?","Logística","¿Cuenta con atención de emergencia?","物流","是否提供紧急服务？","Logistique","Dispose-t-il d'un service d'urgence ?","Logistica","Dispone di un servizio di emergenza?","Logistik","Verfügt es über einen Notfallservice?","","","","","","",""
"12","Ensaios Destrutivos","ESCOPO","TECNICA","ED","12.1","Identifica sentido de retirada do corpo de prova?","Destructive Testing","Does it identify the removal direction of the test specimen?","Ensayos Destructivos","¿Identifica el sentido de extracción de la probeta?","破坏性试验","是否标识试样的取样方向？","Essais Destructifs","Identifie-t-il le sens de prélèvement de l'éprouvette ?","Prove Distruttive","Identifica il senso di prelievo del provino?","Zerstörende Prüfung","Kennzeichnet es die Entnahmerichtung der Probe?","","","","","","",""
"12","Ensaios Destrutivos","ESCOPO","TECNICA","ED","12.2","Possui espectrofotômetros ou pistola PMI com calibração válida?","Destructive Testing","Does it have spectrophotometers or a PMI gun with valid calibration?","Ensayos Destructivos","¿Cuenta con espectrofotómetros o pistola PMI con calibración válida?","破坏性试验","是否具备校准有效的分光光度计或 PMI 光谱仪？","Essais Destructifs","Dispose-t-il de spectrophotomètres ou d'un pistolet PMI avec étalonnage valide ?","Prove Distruttive","Dispone di spettrofotometri o pistola PMI con taratura valida?","Zerstörende Prüfung","Verfügt es über Spektrophotometer oder eine PMI-Pistole mit gültiger Kalibrierung?","","","","","","",""
"12","Ensaios Destrutivos","ESCOPO","TECNICA","ED","12.3","Possui instrumentos de medição com certificados de calibração rastreáveis e válidos?","Destructive Testing","Does it have measuring instruments with traceable and valid calibration certificates?","Ensayos Destructivos","¿Cuenta con instrumentos de medición con certificados de calibración trazables y válidos?","破坏性试验","是否具备带有可追溯且有效校准证书的测量仪器？","Essais Destructifs","Dispose-t-il d'instruments de mesure avec des certificats d'étalonnage traçables et valides ?","Prove Distruttive","Dispone di strumenti di misura con certificati di taratura tracciabili e validi?","Zerstörende Prüfung","Verfügt es über Messinstrumente mit rückverfolgbaren und gültigen Kalibrierzertifikaten?","","","","","","",""
"12","Ensaios Destrutivos","ESCOPO","TECNICA","ED","12.4","Possui máquina universal com calibração rastreável e válida?","Destructive Testing","Does it have a universal testing machine with traceable and valid calibration?","Ensayos Destructivos","¿Cuenta con máquina universal con calibración trazable y válida?","破坏性试验","是否具备带有可追溯且有效校准的万能试验机？","Essais Destructifs","Dispose-t-il d'une machine universelle avec étalonnage traçable et valide ?","Prove Distruttive","Dispone di una macchina universale con taratura tracciabile e valida?","Zerstörende Prüfung","Verfügt es über eine Universalprüfmaschine mit rückverfolgbarer und gültiger Kalibrierung?","","","","","","",""
"12","Ensaios Destrutivos","ESCOPO","TECNICA","ED","12.5","Possui máquina de Charpy com calibração rastreável e válida?","Destructive Testing","Does it have a Charpy machine with traceable and valid calibration?","Ensayos Destructivos","¿Cuenta con máquina de Charpy con calibración trazable y válida?","破坏性试验","是否具备带有可追溯且有效校准的夏比冲击试验机？","Essais Destructifs","Dispose-t-il d'une machine Charpy avec étalonnage traçable et valide ?","Prove Distruttive","Dispone di una macchina Charpy con taratura tracciabile e valida?","Zerstörende Prüfung","Verfügt es über eine Charpy-Maschine mit rückverfolgbarer und gültiger Kalibrierung?","","","","","","",""
"12","Ensaios Destrutivos","ESCOPO","TECNICA","ED","12.6","Possui mecanismo para aferição e controle da temperatura nos ambientes dos ensaios?","Destructive Testing","Does it have a mechanism for measuring and controlling the temperature in the testing environments?","Ensayos Destructivos","¿Cuenta con un mecanismo para la verificación y control de la temperatura en los ambientes de los ensayos?","破坏性试验","是否具备对试验环境温度进行校验和控制的机制？","Essais Destructifs","Dispose-t-il d'un mécanisme de vérification et de contrôle de la température dans les environnements d'essai ?","Prove Distruttive","Dispone di un meccanismo per la verifica e il controllo della temperatura negli ambienti di prova?","Zerstörende Prüfung","Verfügt es über einen Mechanismus zur Überprüfung und Kontrolle der Temperatur in den Prüfumgebungen?","","","","","","",""
"12","Ensaios Destrutivos","ESCOPO","TECNICA","ED","12.7","Os relatórios emitidos são rastreáveis aos corpos de prova enviados?","Destructive Testing","Are the issued reports traceable to the test specimens sent?","Ensayos Destructivos","¿Los informes emitidos son trazables a las probetas enviadas?","破坏性试验","所签发的报告是否可追溯至所送试样？","Essais Destructifs","Les rapports émis sont-ils traçables aux éprouvettes envoyées ?","Prove Distruttive","I rapporti emessi sono tracciabili ai provini inviati?","Zerstörende Prüfung","Sind die ausgestellten Berichte auf die eingesandten Proben rückverfolgbar?","","","","","","",""
"13","Revestimento de Cromo","ESCOPO","TECNICA","RCRM","13.1","Possui controle de espessura de camada?","Chrome Plating","Does it have layer thickness control?","Revestimiento de Cromo","¿Cuenta con control de espesor de capa?","镀铬","是否具备涂层厚度控制？","Revêtement de Chrome","Dispose-t-il d'un contrôle de l'épaisseur de couche ?","Rivestimento di Cromo","Dispone del controllo dello spessore dello strato?","Verchromung","Verfügt es über eine Kontrolle der Schichtdicke?","","","","","","",""
"13","Revestimento de Cromo","ESCOPO","TECNICA","RCRM","13.2","Possui capacidade para realizar preparação da superfície (brunimento, por exemplo) e acabamento após deposição (polimento)","Chrome Plating","Does it have the capability to perform surface preparation (honing, for example) and finishing after deposition (polishing)?","Revestimiento de Cromo","¿Tiene capacidad para realizar preparación de la superficie (bruñido, por ejemplo) y acabado tras la deposición (pulido)?","镀铬","是否具备进行表面处理（如珩磨）和沉积后精加工（抛光）的能力？","Revêtement de Chrome","A-t-il la capacité de réaliser la préparation de surface (rodage, par exemple) et la finition après dépôt (polissage) ?","Rivestimento di Cromo","Ha la capacità di eseguire la preparazione della superficie (levigatura, ad esempio) e la finitura dopo la deposizione (lucidatura)?","Verchromung","Verfügt es über die Fähigkeit zur Oberflächenvorbereitung (z. B. Honen) und Nachbearbeitung nach der Abscheidung (Polieren)?","","","","","","",""
"13","Revestimento de Cromo","ESCOPO","TECNICA","RCRM","13.3","Possui instrumentos de medição com certificados de calibração rastreáveis e válidos?","Chrome Plating","Does it have measuring instruments with traceable and valid calibration certificates?","Revestimiento de Cromo","¿Cuenta con instrumentos de medición con certificados de calibración trazables y válidos?","镀铬","是否具备带有可追溯且有效校准证书的测量仪器？","Revêtement de Chrome","Dispose-t-il d'instruments de mesure avec des certificats d'étalonnage traçables et valides ?","Rivestimento di Cromo","Dispone di strumenti di misura con certificati di taratura tracciabili e validi?","Verchromung","Verfügt es über Messinstrumente mit rückverfolgbaren und gültigen Kalibrierzertifikaten?","","","","","","",""
"13","Revestimento de Cromo","ESCOPO","TECNICA","RCRM","13.4","Possui rugosímetro com certificado de calibração rastreável e válido?","Chrome Plating","Does it have a roughness tester with a traceable and valid calibration certificate?","Revestimiento de Cromo","¿Cuenta con rugosímetro con certificado de calibración trazable y válido?","镀铬","是否具备带有可追溯且有效校准证书的粗糙度仪？","Revêtement de Chrome","Dispose-t-il d'un rugosimètre avec certificat d'étalonnage traçable et valide ?","Rivestimento di Cromo","Dispone di un rugosimetro con certificato di taratura tracciabile e valido?","Verchromung","Verfügt es über ein Rauheitsmessgerät mit rückverfolgbarem und gültigem Kalibrierzertifikat?","","","","","","",""
"14","Ring Gaskets (Anéis Ring Joint/RTJ)","ESCOPO","TECNICA","RTJ","14.1","Possui especificação escrita de material para os anéis (aço carbono/baixa liga, inox 304/316) que atenda à Seção 6 da API 6A, com dureza máxima de 68 HRBW (AC/BL) e 83 HRBW (inox) conforme Tabela 27 API 6A?","Ring Gaskets (Ring Joint/RTJ)","Does it have a written material specification for the gaskets (carbon/low-alloy steel, 304/316 stainless steel) meeting API 6A Section 6, with maximum hardness of 68 HRBW (CS/LA) and 83 HRBW (stainless) per API 6A Table 27?","Ring Gaskets (Anillos Ring Joint/RTJ)","¿Cuenta con especificación escrita de material para los anillos (acero al carbono/baja aleación, inoxidable 304/316) que cumpla la Sección 6 de API 6A, con dureza máxima de 68 HRBW (AC/BA) y 83 HRBW (inoxidable) según la Tabla 27 de API 6A?","环垫（Ring Joint/RTJ 密封环）","是否具备符合 API 6A 第 6 章的环垫书面材料规范（碳钢/低合金钢、304/316 不锈钢），并按 API 6A 表 27 控制最大硬度为 68 HRBW（碳钢/低合金钢）和 83 HRBW（不锈钢）？","Ring Gaskets (Joints annulaires Ring Joint/RTJ)","Dispose-t-il d'une spécification matière écrite pour les joints (acier carbone/faiblement allié, inox 304/316) conforme à la Section 6 de l'API 6A, avec une dureté maximale de 68 HRBW (AC/FA) et 83 HRBW (inox) selon le Tableau 27 de l'API 6A ?","Ring Gaskets (Anelli Ring Joint/RTJ)","Dispone di una specifica scritta del materiale per gli anelli (acciaio al carbonio/basso legato, inox 304/316) conforme alla Sezione 6 dell'API 6A, con durezza massima di 68 HRBW (AC/BL) e 83 HRBW (inox) secondo la Tabella 27 API 6A?","Ring Gaskets (Ring-Joint-/RTJ-Dichtringe)","Verfügt es über eine schriftliche Werkstoffspezifikation für die Dichtringe (C-Stahl/niedriglegierter Stahl, Edelstahl 304/316) gemäß API 6A Abschnitt 6, mit maximaler Härte von 68 HRBW (CS/NL) und 83 HRBW (Edelstahl) gemäß API 6A Tabelle 27?","","","","","","",""
"14","Ring Gaskets (Anéis Ring Joint/RTJ)","ESCOPO","TECNICA","RTJ","14.2","A matéria-prima é forjada/laminada totalmente trabalhada a quente (tubo, anel laminado, barra ou chapa) ou fundida exclusivamente por centrifugação, com prática de fusão especificada e material homogêneo, isento de trincas e poros?","Ring Gaskets (Ring Joint/RTJ)","Is the raw material wrought/rolled and hot worked throughout (tubing, rolled ring, bar or plate) or cast exclusively by centrifugal casting, with a specified melting practice and homogeneous material free from cracks and porosity?","Ring Gaskets (Anillos Ring Joint/RTJ)","¿La materia prima es forjada/laminada y trabajada en caliente en su totalidad (tubo, anillo laminado, barra o chapa) o fundida exclusivamente por centrifugación, con práctica de fusión especificada y material homogéneo, libre de grietas y poros?","环垫（Ring Joint/RTJ 密封环）","原材料是否为全截面热加工的锻造/轧制材料（管材、轧制环、棒材或板材），或仅采用离心铸造，且规定了冶炼工艺，材料均匀、无裂纹和气孔？","Ring Gaskets (Joints annulaires Ring Joint/RTJ)","La matière première est-elle forgée/laminée et entièrement corroyée à chaud (tube, anneau laminé, barre ou tôle) ou coulée exclusivement par centrifugation, avec une pratique d'élaboration spécifiée et un matériau homogène, exempt de fissures et de porosités ?","Ring Gaskets (Anelli Ring Joint/RTJ)","La materia prima è forgiata/laminata e interamente lavorata a caldo (tubo, anello laminato, barra o lamiera) oppure fusa esclusivamente per centrifugazione, con pratica di fusione specificata e materiale omogeneo, privo di cricche e porosità?","Ring Gaskets (Ring-Joint-/RTJ-Dichtringe)","Ist das Vormaterial durchgehend warmumgeformt geschmiedet/gewalzt (Rohr, Walzring, Stange oder Blech) oder ausschließlich im Schleuderguss hergestellt, mit festgelegtem Erschmelzungsverfahren und homogenem Werkstoff frei von Rissen und Poren?","","","","","","",""
"14","Ring Gaskets (Anéis Ring Joint/RTJ)","ESCOPO","TECNICA","RTJ","14.3","Realiza recozimento, normalização ou solubilização em fornos qualificados (API 6A 6.5) com instrumentos calibrados e registros de tratamento térmico por lote?","Ring Gaskets (Ring Joint/RTJ)","Is annealing, normalizing or solution treatment performed in qualified furnaces (API 6A 6.5) with calibrated instruments and heat-treatment records per lot?","Ring Gaskets (Anillos Ring Joint/RTJ)","¿Realiza recocido, normalizado o solubilizado en hornos calificados (API 6A 6.5) con instrumentos calibrados y registros de tratamiento térmico por lote?","环垫（Ring Joint/RTJ 密封环）","是否在经鉴定的热处理炉（API 6A 6.5）中进行退火、正火或固溶处理，使用经校准的仪表，并按批次保存热处理记录？","Ring Gaskets (Joints annulaires Ring Joint/RTJ)","Réalise-t-il un recuit, une normalisation ou une mise en solution dans des fours qualifiés (API 6A 6.5) avec instruments étalonnés et enregistrements de traitement thermique par lot ?","Ring Gaskets (Anelli Ring Joint/RTJ)","Esegue ricottura, normalizzazione o solubilizzazione in forni qualificati (API 6A 6.5) con strumenti tarati e registrazioni del trattamento termico per lotto?","Ring Gaskets (Ring-Joint-/RTJ-Dichtringe)","Wird Glühen, Normalisieren oder Lösungsglühen in qualifizierten Öfen (API 6A 6.5) mit kalibrierten Instrumenten und chargenbezogenen Wärmebehandlungsprotokollen durchgeführt?","","","","","","",""
"14","Ring Gaskets (Anéis Ring Joint/RTJ)","ESCOPO","TECNICA","RTJ","14.4","Possui procedimento documentado e instrumentos calibrados para inspeção dimensional conforme API 6A Tabelas D.9/E.9, D.10/E.10 e D.12/E.12, incluindo planicidade ≤ 0,2% do diâmetro externo (máx. 0,38 mm) e furo de passagem de pressão nos anéis BX?","Ring Gaskets (Ring Joint/RTJ)","Does it have a documented procedure and calibrated instruments for dimensional inspection per API 6A Tables D.9/E.9, D.10/E.10 and D.12/E.12, including flatness ≤ 0.2% of outside diameter (max. 0.38 mm) and the pressure-passage hole on BX gaskets?","Ring Gaskets (Anillos Ring Joint/RTJ)","¿Cuenta con procedimiento documentado e instrumentos calibrados para inspección dimensional según API 6A Tablas D.9/E.9, D.10/E.10 y D.12/E.12, incluyendo planitud ≤ 0,2% del diámetro exterior (máx. 0,38 mm) y orificio de paso de presión en los anillos BX?","环垫（Ring Joint/RTJ 密封环）","是否具备按 API 6A 表 D.9/E.9、D.10/E.10 和 D.12/E.12 进行尺寸检验的书面程序及经校准的量具，包括平面度 ≤ 外径的 0.2%（最大 0.38 mm）以及 BX 环垫的压力通孔？","Ring Gaskets (Joints annulaires Ring Joint/RTJ)","Dispose-t-il d'une procédure documentée et d'instruments étalonnés pour le contrôle dimensionnel selon l'API 6A Tableaux D.9/E.9, D.10/E.10 et D.12/E.12, y compris la planéité ≤ 0,2 % du diamètre extérieur (max. 0,38 mm) et le trou de passage de pression des joints BX ?","Ring Gaskets (Anelli Ring Joint/RTJ)","Dispone di una procedura documentata e di strumenti tarati per il controllo dimensionale secondo API 6A Tabelle D.9/E.9, D.10/E.10 e D.12/E.12, inclusa la planarità ≤ 0,2% del diametro esterno (max 0,38 mm) e il foro di passaggio pressione negli anelli BX?","Ring Gaskets (Ring-Joint-/RTJ-Dichtringe)","Verfügt es über ein dokumentiertes Verfahren und kalibrierte Messmittel für die Maßprüfung gemäß API 6A Tabellen D.9/E.9, D.10/E.10 und D.12/E.12, einschließlich Ebenheit ≤ 0,2 % des Außendurchmessers (max. 0,38 mm) und der Druckausgleichsbohrung bei BX-Ringen?","","","","","","",""
"14","Ring Gaskets (Anéis Ring Joint/RTJ)","ESCOPO","TECNICA","RTJ","14.5","Controla e registra a rugosidade com rugosímetro calibrado, atendendo máx. 1,6 µm Ra (63 µin RMS) nos raios do R oval e superfícies 23° de R/RX, e máx. 0,8 µm Ra (32 µin RMS) nas superfícies 23° do BX (Tabela 28 API 6A)?","Ring Gaskets (Ring Joint/RTJ)","Is surface roughness controlled and recorded with a calibrated roughness tester, meeting max. 1.6 µm Ra (63 µin RMS) on oval R radiused surfaces and R/RX 23° surfaces, and max. 0.8 µm Ra (32 µin RMS) on BX 23° surfaces (API 6A Table 28)?","Ring Gaskets (Anillos Ring Joint/RTJ)","¿Controla y registra la rugosidad con rugosímetro calibrado, cumpliendo máx. 1,6 µm Ra (63 µin RMS) en los radios del R oval y superficies de 23° de R/RX, y máx. 0,8 µm Ra (32 µin RMS) en las superficies de 23° del BX (Tabla 28 API 6A)?","环垫（Ring Joint/RTJ 密封环）","是否使用经校准的粗糙度仪控制并记录表面粗糙度，满足椭圆 R 型圆弧面及 R/RX 型 23° 面最大 1.6 µm Ra（63 µin RMS），BX 型 23° 面最大 0.8 µm Ra（32 µin RMS）（API 6A 表 28）？","Ring Gaskets (Joints annulaires Ring Joint/RTJ)","La rugosité est-elle contrôlée et enregistrée avec un rugosimètre étalonné, avec max. 1,6 µm Ra (63 µin RMS) sur les rayons des R ovales et les surfaces à 23° des R/RX, et max. 0,8 µm Ra (32 µin RMS) sur les surfaces à 23° des BX (Tableau 28 API 6A) ?","Ring Gaskets (Anelli Ring Joint/RTJ)","La rugosità è controllata e registrata con rugosimetro tarato, rispettando max 1,6 µm Ra (63 µin RMS) sui raggi degli R ovali e sulle superfici a 23° di R/RX, e max 0,8 µm Ra (32 µin RMS) sulle superfici a 23° dei BX (Tabella 28 API 6A)?","Ring Gaskets (Ring-Joint-/RTJ-Dichtringe)","Wird die Oberflächenrauheit mit einem kalibrierten Rauheitsmessgerät geprüft und dokumentiert, mit max. 1,6 µm Ra (63 µin RMS) an den Radien ovaler R-Ringe und den 23°-Flächen von R/RX sowie max. 0,8 µm Ra (32 µin RMS) an den 23°-Flächen von BX (API 6A Tabelle 28)?","","","","","","",""
"14","Ring Gaskets (Anéis Ring Joint/RTJ)","ESCOPO","TECNICA","RTJ","14.6","Realiza ensaio de dureza Rockwell (ISO 6508 ou ASTM E18) nos anéis acabados, com no mínimo 1 medição por peça conforme API 6A, com amostragem ISO 2859-1 Nível II AQL 1,5 e durômetro calibrado?","Ring Gaskets (Ring Joint/RTJ)","Is Rockwell hardness testing (ISO 6508 or ASTM E18) performed on finished gaskets, with at least 1 test per part per API 6A, with ISO 2859-1 Level II AQL 1.5 sampling and a calibrated hardness tester?","Ring Gaskets (Anillos Ring Joint/RTJ)","¿Realiza ensayo de dureza Rockwell (ISO 6508 o ASTM E18) en los anillos terminados, con al menos 1 medición por pieza según API 6A, con muestreo ISO 2859-1 Nivel II AQL 1,5 y durómetro calibrado?","环垫（Ring Joint/RTJ 密封环）","是否对成品环垫进行洛氏硬度试验（ISO 6508 或 ASTM E18），按 API 6A 每件至少测试 1 点，按 ISO 2859-1 一般检验水平 II、AQL 1.5 抽样，并使用经校准的硬度计？","Ring Gaskets (Joints annulaires Ring Joint/RTJ)","Réalise-t-il un essai de dureté Rockwell (ISO 6508 ou ASTM E18) sur les joints finis, avec au moins 1 mesure par pièce selon l'API 6A, avec un échantillonnage ISO 2859-1 Niveau II NQA 1,5 et un duromètre étalonné ?","Ring Gaskets (Anelli Ring Joint/RTJ)","Esegue la prova di durezza Rockwell (ISO 6508 o ASTM E18) sugli anelli finiti, con almeno 1 misura per pezzo secondo API 6A, con campionamento ISO 2859-1 Livello II AQL 1,5 e durometro tarato?","Ring Gaskets (Ring-Joint-/RTJ-Dichtringe)","Wird an fertigen Dichtringen eine Rockwell-Härteprüfung (ISO 6508 oder ASTM E18) mit mindestens 1 Messung je Teil gemäß API 6A, mit Stichprobe nach ISO 2859-1 Prüfniveau II AQL 1,5 und kalibriertem Härteprüfgerät durchgeführt?","","","","","","",""
"14","Ring Gaskets (Anéis Ring Joint/RTJ)","ESCOPO","TECNICA","RTJ","14.7","Aplica (ou controla subcontratado que aplica) revestimento Zn-Ni eletrodepositado conforme ASTM B841 Classe 1 Tipo E Grau 8 nos anéis de aço carbono/baixa liga, com espessura máxima de 0,013 mm (0,0005 in) medida e certificada?","Ring Gaskets (Ring Joint/RTJ)","Does it apply (or control a subcontractor that applies) electrodeposited Zn-Ni coating per ASTM B841 Class 1 Type E Grade 8 on carbon/low-alloy steel gaskets, with a maximum thickness of 0.013 mm (0.0005 in) measured and certified?","Ring Gaskets (Anillos Ring Joint/RTJ)","¿Aplica (o controla al subcontratista que aplica) recubrimiento Zn-Ni electrodepositado según ASTM B841 Clase 1 Tipo E Grado 8 en los anillos de acero al carbono/baja aleación, con espesor máximo de 0,013 mm (0,0005 in) medido y certificado?","环垫（Ring Joint/RTJ 密封环）","是否对碳钢/低合金钢环垫施加（或管控分包方施加）符合 ASTM B841 1 级 E 型 8 等级的电镀锌镍涂层，且最大厚度 0.013 mm（0.0005 in）经测量并出具证书？","Ring Gaskets (Joints annulaires Ring Joint/RTJ)","Applique-t-il (ou contrôle-t-il un sous-traitant qui applique) un revêtement Zn-Ni électrodéposé selon ASTM B841 Classe 1 Type E Grade 8 sur les joints en acier carbone/faiblement allié, avec une épaisseur maximale de 0,013 mm (0,0005 in) mesurée et certifiée ?","Ring Gaskets (Anelli Ring Joint/RTJ)","Applica (o controlla un subfornitore che applica) un rivestimento Zn-Ni elettrodepositato secondo ASTM B841 Classe 1 Tipo E Grado 8 sugli anelli in acciaio al carbonio/basso legato, con spessore massimo di 0,013 mm (0,0005 in) misurato e certificato?","Ring Gaskets (Ring-Joint-/RTJ-Dichtringe)","Wird auf Dichtringe aus C-/niedriglegiertem Stahl eine galvanische Zn-Ni-Beschichtung nach ASTM B841 Klasse 1 Typ E Grad 8 aufgebracht (bzw. ein Unterauftragnehmer dafür überwacht), mit gemessener und bescheinigter maximaler Schichtdicke von 0,013 mm (0,0005 in)?","","","","","","",""
"14","Ring Gaskets (Anéis Ring Joint/RTJ)","ESCOPO","TECNICA","RTJ","14.8","Marca no diâmetro externo fabricante, mês/ano, tipo e número do anel e código de material (S, S304, S316) conforme Tabela 39 API 6A, e fornece certificado de qualidade (dimensional/rugosidade, revestimento e dureza) com embalagem individual?","Ring Gaskets (Ring Joint/RTJ)","Does it mark on the outside diameter the manufacturer, month/year, gasket type and number and material code (S, S304, S316) per API 6A Table 39, and provide a quality certificate (dimensional/roughness, coating and hardness) with individual packaging?","Ring Gaskets (Anillos Ring Joint/RTJ)","¿Marca en el diámetro exterior fabricante, mes/año, tipo y número del anillo y código de material (S, S304, S316) según la Tabla 39 API 6A, y entrega certificado de calidad (dimensional/rugosidad, recubrimiento y dureza) con embalaje individual?","环垫（Ring Joint/RTJ 密封环）","是否按 API 6A 表 39 在外径上标记制造商、年月、环垫型号及编号和材料代号（S、S304、S316），并提供单件包装及质量证书（尺寸/粗糙度、涂层和硬度）？","Ring Gaskets (Joints annulaires Ring Joint/RTJ)","Marque-t-il sur le diamètre extérieur le fabricant, le mois/année, le type et numéro du joint et le code matière (S, S304, S316) selon le Tableau 39 API 6A, et fournit-il un certificat qualité (dimensionnel/rugosité, revêtement et dureté) avec emballage individuel ?","Ring Gaskets (Anelli Ring Joint/RTJ)","Marca sul diametro esterno fabbricante, mese/anno, tipo e numero dell'anello e codice materiale (S, S304, S316) secondo la Tabella 39 API 6A, e fornisce certificato di qualità (dimensionale/rugosità, rivestimento e durezza) con imballo individuale?","Ring Gaskets (Ring-Joint-/RTJ-Dichtringe)","Werden am Außendurchmesser Hersteller, Monat/Jahr, Ringtyp und -nummer sowie Werkstoffcode (S, S304, S316) gemäß API 6A Tabelle 39 markiert und ein Qualitätszeugnis (Maß/Rauheit, Beschichtung und Härte) mit Einzelverpackung geliefert?","","","","","","",""